<?xml version="1.0" encoding="UTF-8"?>
<manifest>

  <remote  name="aosp"
           fetch="https://android.googlesource.com/"
           review="https://android-review.googlesource.com/" />

  <remote name="github"
           fetch="https://github.com/" />
           
  <remote  name="githubslim"
           fetch="git://github.com/"
           review="https://gerrit.slimroms.net/"/>

  <remote name="aicp"
           fetch="https://github.com/"
           review="gerrit.aicp-rom.com" />

  <remote  name="aokp"
           fetch="https://github.com/"
           review="gerrit.aokp.co" />

  <remote  name="cm"
           fetch="https://github.com/" />

  <remote name="omni"
           fetch="https://github.com/"
           review="gerrit.omnirom.org" />

  <remote name="slim"
           fetch="https://github.com/"
           review="gerrit.slimroms.net" />

  <remote   name="maxwen"
            fetch="https://github.com/maxwen/" />
            
  <remote  name="bb"
           fetch="https://bitbucket.org/" />

  <remote  name="vanir"
           fetch="https://github.com/" />

  <default revision="refs/tags/android-4.4.4_r2"
           remote="aosp"
           sync-c="true"
           sync-j="2" />

  <project path="build" name="AICP/build" remote="aicp" revision="kitkat" groups="pdk">
    <copyfile src="core/root.mk" dest="Makefile" />
  </project>
  <project path="art" name="AICP/art" remote="aicp" revision="kitkat" />
  <project path="abi/cpp" name="platform/abi/cpp" groups="pdk"/>
  <project path="bionic" name="AICP/bionic" remote="aicp" revision="kitkat" groups="pdk" />
  <project path="bootable/bootloader/legacy" name="platform/bootable/bootloader/legacy" />
  <project path="bootable/diskinstaller" name="platform/bootable/diskinstaller" />
  <project path="bootable/recovery" name="CyanogenMod/android_bootable_recovery" remote="cm" revision="cm-11.0" />
  <project path="cts" name="platform/cts" groups="cts"/>
  <project path="dalvik" name="AICP/dalvik" remote="aicp" revision="kitkat" />
  <project path="developers/build" name="platform/developers/build" />
  <project path="developers/demos" name="platform/developers/demos" />
  <project path="developers/docs" name="platform/developers/docs" />
  <project path="developers/samples/android" name="platform/developers/samples/android" />
  <project path="development" name="AICP/development" remote="aicp" revision="kitkat" />
  <project path="device/common" name="device/common" groups="device" />
  <project path="device/generic/armv7-a-neon" name="device/generic/armv7-a-neon" groups="pdk" />
  <project path="device/generic/common" name="device/generic/common"  groups="pdk" />
  <project path="device/generic/goldfish" name="device/generic/goldfish" groups="pdk" />
  <project path="device/generic/mips" name="device/generic/mips" groups="pdk,notdefault" />
  <project path="device/generic/x86" name="device/generic/x86" groups="pdk,notdefault" />
  <project path="device/generic/mini-emulator-armv7-a-neon" name="device/generic/mini-emulator-armv7-a-neon" groups="pdk" />
  <project path="device/generic/mini-emulator-mips" name="device/generic/mini-emulator-mips" groups="pdk,notdefault" />
  <project path="device/generic/mini-emulator-x86" name="device/generic/mini-emulator-x86" groups="pdk,notdefault" />
  <project path="device/google/accessory/arduino" name="device/google/accessory/arduino" groups="notdefault,device" />
  <project path="device/google/accessory/demokit" name="device/google/accessory/demokit" groups="notdefault,device" />
  <project path="device/sample" name="device/sample" groups="pdk" />
  <project path="docs/source.android.com" name="platform/docs/source.android.com" />
  <project path="external/aac" name="CyanogenMod/android_external_aac" remote="cm" revision="cm-11.0" />
  <project path="external/android-clat" name="platform/external/android-clat" />
  <project path="external/android-mock" name="CyanogenMod/android_external_android-mock" remote="cm" revision="cm-11.0" />
  <project path="external/ant-glob" name="platform/external/ant-glob" />
  <project path="external/ant-wireless/ant_native" name="CyanogenMod/android_external_ant-wireless_ant_native" remote="cm" revision="cm-11.0" />
  <project path="external/ant-wireless/ant_service" name="CyanogenMod/android_external_ant-wireless_ant_service" remote="cm" revision="cm-11.0" />
  <project path="external/ant-wireless/antradio-library" name="CyanogenMod/android_external_ant-wireless_antradio-library" remote="cm" revision="cm-11.0" />
  <project path="external/antlr" name="platform/external/antlr" />
  <project path="external/apache-harmony" name="platform/external/apache-harmony" />
  <project path="external/apache-http" name="CyanogenMod/android_external_apache-http" remote="cm" revision="cm-11.0" />
  <project path="external/apache-qp" name="platform/external/apache-qp" />
  <project path="external/apache-xml" name="platform/external/apache-xml" />
  <project path="external/arduino" name="platform/external/arduino" />
  <project path="external/bison" name="platform/external/bison" groups="pdk" />
  <project path="external/blktrace" name="platform/external/blktrace" />
  <project path="external/bluetooth/bluedroid" name="CyanogenMod/android_external_bluetooth_bluedroid" remote="cm" revision="cm-11.0" groups="pdk" />
  <project path="external/bouncycastle" name="platform/external/bouncycastle" />
  <project path="external/bsdiff" name="platform/external/bsdiff" groups="pdk" />
  <project path="external/busybox" name="AOKP/external_busybox" remote="aokp" revision="kitkat" />
  <project path="external/bzip2" name="platform/external/bzip2" groups="pdk" />
  <project path="external/ceres-solver" name="platform/external/ceres-solver" />
  <project path="external/checkpolicy" name="platform/external/checkpolicy" groups="pdk" />
  <project path="external/chromium" name="platform/external/chromium" />
  <project path="external/chromium-libpac" name="platform/external/chromium-libpac" />
  <project path="external/chromium-trace" name="platform/external/chromium-trace" groups="pdk"/>
  <project path="external/chromium_org" name="CyanogenMod/android_external_chromium_org" remote="cm" revision="cm-11.0" />
  <project path="external/chromium_org/sdch/open-vcdiff" name="platform/external/chromium_org/sdch/open-vcdiff" />
  <project path="external/chromium_org/testing/gtest" name="platform/external/chromium_org/testing/gtest" />
  <project path="external/chromium_org/third_party/WebKit" name="platform/external/chromium_org/third_party/WebKit" />
  <project path="external/chromium_org/third_party/angle" name="platform/external/chromium_org/third_party/angle" />
  <project path="external/chromium_org/third_party/eyesfree/src/android/java/src/com/googlecode/eyesfree/braille" name="platform/external/chromium_org/third_party/eyesfree/src/android/java/src/com/googlecode/eyesfree/braille" />
  <project path="external/chromium_org/third_party/freetype" name="platform/external/chromium_org/third_party/freetype" />
  <project path="external/chromium_org/third_party/icu" name="platform/external/chromium_org/third_party/icu" />
  <project path="external/chromium_org/third_party/leveldatabase/src" name="platform/external/chromium_org/third_party/leveldatabase/src" />
  <project path="external/chromium_org/third_party/libjingle/source/talk" name="platform/external/chromium_org/third_party/libjingle/source/talk" />
  <project path="external/chromium_org/third_party/libphonenumber/src/phonenumbers" name="platform/external/chromium_org/third_party/libphonenumber/src/phonenumbers" />
  <project path="external/chromium_org/third_party/libphonenumber/src/resources" name="platform/external/chromium_org/third_party/libphonenumber/src/resources" />
  <project path="external/chromium_org/third_party/mesa/src" name="platform/external/chromium_org/third_party/mesa/src" />
  <project path="external/chromium_org/third_party/openssl" name="CyanogenMod/android_external_chromium_org_third_party_openssl" remote="cm" revision="cm-11.0" />
  <project path="external/chromium_org/third_party/opus/src" name="platform/external/chromium_org/third_party/opus/src" />
  <project path="external/chromium_org/third_party/ots" name="platform/external/chromium_org/third_party/ots" />
  <project path="external/chromium_org/third_party/sfntly/cpp/src" name="platform/external/chromium_org/third_party/sfntly/cpp/src" />
  <project path="external/chromium_org/third_party/skia/gyp" name="platform/external/chromium_org/third_party/skia/gyp" />
  <project path="external/chromium_org/third_party/skia/include" name="platform/external/chromium_org/third_party/skia/include" />
  <project path="external/chromium_org/third_party/skia/src" name="platform/external/chromium_org/third_party/skia/src" />
  <project path="external/chromium_org/third_party/smhasher/src" name="platform/external/chromium_org/third_party/smhasher/src" />
  <project path="external/chromium_org/third_party/yasm/source/patched-yasm" name="platform/external/chromium_org/third_party/yasm/source/patched-yasm" />
  <project path="external/chromium_org/tools/grit" name="platform/external/chromium_org/tools/grit" />
  <project path="external/chromium_org/tools/gyp" name="platform/external/chromium_org/tools/gyp" />
  <project path="external/chromium_org/v8" name="platform/external/chromium_org/v8" />
  <project path="external/clang" name="AOKP/external_clang" remote="aokp" revision="kitkat" groups="pdk" />
  <project path="external/compiler-rt" name="platform/external/compiler-rt" groups="pdk" />
  <project path="external/dexmaker" name="platform/external/dexmaker" />
  <project path="external/dhcpcd" name="platform/external/dhcpcd" />
  <project path="external/dnsmasq" name="AOKP/external_dnsmasq" remote="aokp" revision="kitkat" groups="pdk"/>
  <project path="external/doclava" name="platform/external/doclava" />
  <project path="external/dropbear" name="platform/external/dropbear" />
  <project path="external/droiddriver" name="platform/external/droiddriver" />
  <project path="external/e2fsprogs" name="CyanogenMod/android_external_e2fsprogs" remote="cm" revision="cm-11.0" groups="pdk" />
  <project path="external/easymock" name="platform/external/easymock" />
  <project path="external/eclipse-basebuilder" name="platform/external/eclipse-basebuilder" />
  <project path="external/eclipse-windowbuilder" name="platform/external/eclipse-windowbuilder" />
  <project path="external/eigen" name="platform/external/eigen" />
  <project path="external/elfutils" name="CyanogenMod/android_external_elfutils" remote="cm" revision="cm-11.0" />
  <project path="external/embunit" name="platform/external/embunit" />
  <project path="external/emma" name="platform/external/emma" />
  <project path="external/esd" name="platform/external/esd" />
  <project path="external/exfat" name="AOKP/external_exfat" remote="aokp" revision="kitkat" />
  <project path="external/expat" name="platform/external/expat" groups="pdk" />
  <project path="external/eyes-free" name="platform/external/eyes-free" />
  <project path="external/f2fs-tools" name="CyanogenMod/android_external_f2fs-tools" remote="cm" revision="cm-11.0" />
  <project path="external/fdlibm" name="platform/external/fdlibm" />
  <project path="external/ffmpeg" name="CyanogenMod/android_external_ffmpeg" remote="cm" revision="cm-11.0" groups="pdk" />
  <project path="external/flac" name="CyanogenMod/android_external_flac" remote="cm" revision="cm-11.0" groups="pdk" />
  <project path="external/freetype" name="platform/external/freetype" groups="pdk" />
  <project path="external/fsck_msdos" name="AOKP/external_fsck_msdos" remote="aokp" revision="kitkat" />
  <project path="external/fuse" name="AOKP/external_fuse" remote="aokp" revision="kitkat" />
  <project path="external/ganymed-ssh2" name="platform/external/ganymed-ssh2" />
  <project path="external/gcc-demangle" name="platform/external/gcc-demangle" groups="pdk" />
  <project path="external/genext2fs" name="platform/external/genext2fs" />
  <project path="external/giflib" name="platform/external/giflib" />
  <project path="external/google-diff-match-patch" name="platform/external/google-diff-match-patch" />
  <project path="external/grub" name="platform/external/grub" />
  <project path="external/gson" name="CyanogenMod/android_external_gson" remote="cm" revision="cm-11.0" />
  <project path="external/gtest" name="platform/external/gtest" groups="pdk" />
  <project path="external/guava" name="platform/external/guava" />
  <project path="external/hamcrest" name="platform/external/hamcrest" />
  <project path="external/harfbuzz" name="platform/external/harfbuzz" />
  <project path="external/harfbuzz_ng" name="platform/external/harfbuzz_ng" />
  <project path="external/hyphenation" name="platform/external/hyphenation" />
  <project path="external/icu4c" name="CyanogenMod/android_external_icu4c" remote="cm" revision="cm-11.0" groups="pdk" />
  <project path="external/iproute2" name="CyanogenMod/android_external_iproute2" remote="cm" revision="cm-11.0" groups="pdk" />
  <project path="external/ipsec-tools" name="platform/external/ipsec-tools" />
  <project path="external/iptables" name="platform/external/iptables" />
  <project path="external/iputils" name="platform/external/iputils" />
  <project path="external/jack" name="platform/external/jack" />
  <project path="external/javasqlite" name="CyanogenMod/android_external_javasqlite" remote="cm" revision="cm-11.0" />
  <project path="external/javassist" name="platform/external/javassist" />
  <project path="external/jbirdvegas/mGerrit" name="AOKP/external_jbirdvegas_mGerrit" remote="aokp" revision="master" />
  <project path="external/jdiff" name="platform/external/jdiff" />
  <project path="external/jhead" name="platform/external/jhead" groups="pdk" />
  <project path="external/jmdns" name="platform/external/jmdns" />
  <project path="external/jmonkeyengine" name="platform/external/jmonkeyengine" />
  <project path="external/jpeg" name="AOKP/external_jpeg" remote="aokp" revision="kitkat" />
  <project path="external/jsilver" name="platform/external/jsilver" />
  <project path="external/jsr305" name="platform/external/jsr305" />
  <project path="external/junit" name="platform/external/junit" />
  <project path="external/kernel-headers" name="platform/external/kernel-headers" />
  <project path="external/kissfft" name="AOKP/external_kissfft" remote="aokp" revision="kitkat" />
  <project path="external/koush/Superuser" name="CyanogenMod/Superuser" remote="cm" revision="cm-11.0" />
  <project path="external/koush/Widgets" name="CyanogenMod/Widgets" remote="cm" revision="cm-11.0" />
  <project path="external/libcap-ng" name="platform/external/libcap-ng" />
  <project path="external/libexif" name="platform/external/libexif" />
  <project path="external/libffi" name="platform/external/libffi" />
  <project path="external/libgsm" name="platform/external/libgsm" groups="pdk" />
  <project path="external/liblzf" name="platform/external/liblzf" groups="pdk" />
  <project path="external/libmtp" name="platform/external/libmtp" />
  <project path="external/libnfc-nci" name="CyanogenMod/android_external_libnfc-nci" remote="cm" revision="cm-11.0" groups="pdk"/>
  <project path="external/libnfc-nxp" name="CyanogenMod/android_external_libnfc-nxp" remote="cm" revision="cm-11.0" groups="pdk" />
  <project path="external/libnl-headers" name="platform/external/libnl-headers" groups="pdk" />
  <project path="external/libogg" name="platform/external/libogg" />
  <project path="external/libpcap" name="platform/external/libpcap" />
  <project path="external/libphonenumber" name="platform/external/libphonenumber" />
  <project path="external/libpng" name="CyanogenMod/android_external_libpng" remote="cm" revision="cm-11.0" groups="pdk" />
  <project path="external/libppp" name="platform/external/libppp" />
  <project path="external/libselinux" name="CyanogenMod/android_external_libselinux" remote="cm" revision="cm-11.0" groups="pdk" />
  <project path="external/libsepol" name="CyanogenMod/android_external_libsepol" remote="cm" revision="cm-11.0" />
  <project path="external/libssh2" name="platform/external/libssh2" />
  <project path="external/libtar" name="CyanogenMod/android_external_libtar" remote="cm" revision="cm-11.0" />
  <project path="external/libusb" name="CyanogenMod/android_external_libusb" remote="cm" revision="cm-11.0" />
  <project path="external/libusb-compat" name="platform/external/libusb-compat" />
  <project path="external/libvorbis" name="platform/external/libvorbis" />
  <project path="external/libvpx" name="platform/external/libvpx" groups="pdk" />
  <project path="external/libxml2" name="CyanogenMod/android_external_libxml2" remote="cm" revision="cm-11.0" />
  <project path="external/libxslt" name="platform/external/libxslt" />
  <project path="external/libyuv" name="platform/external/libyuv" groups="libyuv" />
  <project path="external/linux-tools-perf" name="CyanogenMod/android_external_linux-tools-perf" remote="cm" revision="cm-11.0" />
  <project path="external/littlemock" name="platform/external/littlemock" />
  <project path="external/llvm" name="CyanogenMod/android_external_llvm" remote="cm" revision="cm-11.0" groups="pdk" />
  <project path="external/lzma" name="platform/external/lzma" />
  <project path="external/marisa-trie" name="platform/external/marisa-trie" />
  <project path="external/markdown" name="platform/external/markdown" />
  <project path="external/mdnsresponder" name="platform/external/mdnsresponder" groups="pdk" />
  <project path="external/mesa3d" name="platform/external/mesa3d" />
  <project path="external/mksh" name="AOKP/external_mksh" remote="aokp" revision="kitkat" groups="pdk" />
  <project path="external/mockito" name="platform/external/mockito" />
  <project path="external/mockwebserver" name="platform/external/mockwebserver" />
  <project path="external/mp4parser" name="platform/external/mp4parser" />
  <project path="external/mtpd" name="platform/external/mtpd" />
  <project path="external/naver-fonts" name="platform/external/naver-fonts" />
  <project path="external/netcat" name="platform/external/netcat" />
  <project path="external/netperf" name="platform/external/netperf" />
  <project path="external/neven" name="platform/external/neven" />
  <project path="external/nist-pkits" name="platform/external/nist-pkits" />
  <project path="external/nist-sip" name="CyanogenMod/android_external_nist-sip" remote="cm" revision="cm-11.0" />
  <project path="external/noto-fonts" name="platform/external/noto-fonts" />
  <project path="external/ntfs-3g" name="AOKP/external_ntfs-3g" remote="aokp" revision="kitkat" />
  <project path="external/oauth" name="platform/external/oauth" />
  <project path="external/objenesis" name="platform/external/objenesis" />
  <project path="external/okhttp" name="CyanogenMod/android_external_okhttp" remote="cm" revision="cm-11.0" />
  <project path="external/open-vcdiff" name="platform/external/open-vcdiff" />
  <project path="external/opencv" name="platform/external/opencv" />
  <project path="external/openfst" name="platform/external/openfst" />
  <project path="external/openssh" name="AOKP/external_openssh" remote="aokp" revision="kitkat" />
  <project path="external/openssl" name="CyanogenMod/android_external_openssl" remote="cm" revision="cm-11.0" groups="pdk" />
  <project path="external/oprofile" name="platform/external/oprofile" />
  <project path="external/pigz" name="AOKP/external_pigz" remote="aokp" revision="kitkat" />
  <project path="external/pixman" name="platform/external/pixman" />
  <project path="external/ppp" name="platform/external/ppp" />
  <project path="external/proguard" name="platform/external/proguard" groups="pdk-java" />
  <project path="external/protobuf" name="platform/external/protobuf" groups="pdk" />
  <project path="external/qemu" name="CyanogenMod/android_external_qemu" remote="cm" revision="cm-11.0" />
  <project path="external/qemu-pc-bios" name="platform/external/qemu-pc-bios" />
  <project path="external/qrngd" name="CyanogenMod/android_external_qrngd" remote="cm" revision="cm-11.0" />
  <project path="external/regex-re2" name="CyanogenMod/android_external_regex-re2" remote="cm" revision="cm-11.0" />
  <project path="external/replicaisland" name="platform/external/replicaisland" />
  <project path="external/robolectric" name="platform/external/robolectric" />
  <project path="external/safe-iop" name="platform/external/safe-iop" groups="pdk" />
  <project path="external/scrypt" name="platform/external/scrypt" groups="pdk" />
  <project path="external/sepolicy" name="CyanogenMod/android_external_sepolicy" remote="cm" revision="cm-11.0" />
  <project path="external/sfntly" name="platform/external/sfntly" />
  <project path="external/sil-fonts" name="platform/external/sil-fonts" />
  <project path="external/skia" name="CyanogenMod/android_external_skia" remote="cm" revision="cm-11.0" />
  <project path="external/smack" name="platform/external/smack" />
  <project path="external/smali" name="platform/external/smali" />
  <project path="external/sonivox" name="platform/external/sonivox" groups="pdk" />
  <project path="external/speex" name="platform/external/speex" groups="pdk" />
  <project path="external/sqlite" name="CyanogenMod/android_external_sqlite" remote="cm" revision="cm-11.0" groups="pdk" />
  <project path="external/srec" name="CyanogenMod/android_external_srec" remote="cm" revision="cm-11.0" />
  <project path="external/srtp" name="platform/external/srtp" />
  <project path="external/stlport" name="platform/external/stlport" groups="pdk" />
  <project path="external/strace" name="CyanogenMod/android_external_strace" remote="cm" revision="cm-11.0" />
  <project path="external/stressapptest" name="platform/external/stressapptest" />
  <project path="external/svox" name="platform/external/svox" />
  <project path="external/tagsoup" name="platform/external/tagsoup" />
  <project path="external/tcpdump" name="platform/external/tcpdump" />
  <project path="external/timezonepicker-support" name="platform/external/timezonepicker-support" />
  <project path="external/tinyalsa" name="CyanogenMod/android_external_tinyalsa" remote="cm" revision="cm-11.0" groups="pdk" />
  <project path="external/tinycompress" name="CyanogenMod/android_external_tinycompress" remote="cm" revision="cm-11.0" groups="pdk" />
  <project path="external/tinyxml" name="platform/external/tinyxml" groups="pdk" />
  <project path="external/tinyxml2" name="platform/external/tinyxml2" groups="pdk" />
  <project path="external/tremolo" name="platform/external/tremolo" groups="pdk" />
  <project path="external/v8" name="platform/external/v8" />
  <project path="external/valgrind" name="platform/external/valgrind" groups="pdk" />
  <project path="external/webp" name="platform/external/webp" />
  <project path="external/webrtc" name="platform/external/webrtc" groups="pdk" />
  <project path="external/wpa_supplicant_8" name="CyanogenMod/android_external_wpa_supplicant_8" remote="cm" revision="cm-11.0" groups="pdk"/>
  <project path="external/xmlwriter" name="platform/external/xmlwriter" />
  <project path="external/xmp_toolkit" name="platform/external/xmp_toolkit" />
  <project path="external/yaffs2" name="AOKP/external_yaffs2" remote="aokp" revision="kitkat" groups="pdk" />
  <project path="external/zlib" name="AOKP/external_zlib" remote="aokp" revision="kitkat" groups="pdk" />
  <project path="external/zxing" name="platform/external/zxing" />
  <project path="frameworks/av" name="AICP/frameworks_av" remote="aicp" revision="kitkat" groups="pdk" />
  <project path="frameworks/base" name="AICP/frameworks_base" remote="aicp" revision="kitkat" />
  <project path="frameworks/compile/libbcc" name="platform/frameworks/compile/libbcc" groups="pdk" />
  <project path="frameworks/compile/mclinker" name="platform/frameworks/compile/mclinker" groups="pdk" />
  <project path="frameworks/compile/slang" name="platform/frameworks/compile/slang" groups="pdk" />
  <project path="frameworks/ex" name="SlimRoms/frameworks_ex" remote="slim" revision="kk4.4" />
  <project path="frameworks/mff" name="platform/frameworks/mff" />
  <project path="frameworks/ml" name="platform/frameworks/ml" />
  <project path="frameworks/native" name="AICP/frameworks_native" remote="aicp" revision="kitkat" groups="pdk" />
  <project path="frameworks/opt/calendar" name="platform/frameworks/opt/calendar" />
  <project path="frameworks/opt/carddav" name="platform/frameworks/opt/carddav" />
  <project path="frameworks/opt/colorpicker" name="platform/frameworks/opt/colorpicker"/>
  <project path="frameworks/opt/datetimepicker" name="AICP/frameworks_opt_datetimepicker" remote="aicp" revision="kitkat" />
  <project path="frameworks/opt/emoji" name="platform/frameworks/opt/emoji" />
  <project path="frameworks/opt/hardware" name="CyanogenMod/android_frameworks_opt_hardware" remote="cm" revision="cm-11.0" />
  <project path="frameworks/opt/inputmethodcommon" name="platform/frameworks/opt/inputmethodcommon" />
  <project path="frameworks/opt/mailcommon" name="platform/frameworks/opt/mailcommon" />
  <project path="frameworks/opt/mms" name="platform/frameworks/opt/mms" />
  <project path="frameworks/opt/net/voip" name="CyanogenMod/android_frameworks_opt_net_voip" remote="cm" revision="cm-11.0" />
  <project path="frameworks/opt/photoviewer" name="platform/frameworks/opt/photoviewer" />
  <project path="frameworks/opt/timezonepicker" name="AICP/frameworks_opt_timezonepicker" remote="aicp" revision="kitkat" />
  <project path="frameworks/opt/telephony" name="AICP/frameworks_opt_telephony" remote="aicp" revision="kitkat" groups="pdk" />
  <project path="frameworks/opt/vcard" name="CyanogenMod/android_frameworks_opt_vcard" remote="cm" revision="cm-11.0" />
  <project path="frameworks/opt/widget" name="platform/frameworks/opt/widget" />
  <project path="frameworks/rs" name="AOKP/frameworks_rs" remote="aokp" revision="kitkat"  groups="pdk" />
  <project path="frameworks/support" name="platform/frameworks/support" />
  <project path="frameworks/testing" name="platform/frameworks/testing" />
  <project path="frameworks/volley" name="platform/frameworks/volley" />
  <!-- project path="frameworks/webview" name="platform/frameworks/webview" / -->
  <project path="frameworks/webview" name="SlimKat-Y300/frameworks_webview" remote="slim" revision="kk4.4" />
  <project path="frameworks/wilhelm" name="platform/frameworks/wilhelm" />
  <project path="hardware/akm" name="platform/hardware/akm" />
  <project path="hardware/broadcom/libbt" name="CyanogenMod/android_hardware_broadcom_libbt" remote="cm" revision="cm-11.0" groups="pdk" />
  <project path="hardware/broadcom/wlan" name="CyanogenMod/android_hardware_broadcom_wlan" remote="cm" revision="cm-11.0" groups="broadcom_wlan" />
  <project path="hardware/cm" name="CyanogenMod/android_hardware_cm" remote="cm" revision="cm-11.0" />
  <project path="hardware/invensense" name="platform/hardware/invensense" groups="invensense" />
  <project path="hardware/libhardware" name="CyanogenMod/android_hardware_libhardware" remote="cm" revision="cm-11.0" groups="pdk" />
  <project path="hardware/libhardware_legacy" name="CyanogenMod/android_hardware_libhardware_legacy" remote="cm" revision="cm-11.0" groups="pdk" />
  <project path="hardware/qcom/audio" name="CyanogenMod/android_hardware_qcom_audio" remote="cm" revision="cm-11.0" groups="qcom" />
  <project path="hardware/qcom/bt" name="CyanogenMod/android_hardware_qcom_bt" remote="cm" revision="cm-11.0" groups="qcom" />
  <project path="hardware/qcom/camera" name="CyanogenMod/android_hardware_qcom_camera" groups="qcom" remote="cm" revision="cm-11.0" />
  <project path="hardware/qcom/display" name="CyanogenMod/android_hardware_qcom_display" remote="cm" revision="cm-11.0" groups="qcom" />
  <project path="hardware/qcom/gps" name="CyanogenMod/android_hardware_qcom_gps" remote="cm" revision="cm-11.0" groups="qcom" />
  <project path="hardware/qcom/keymaster" name="CyanogenMod/android_hardware_qcom_keymaster" remote="cm" revision="cm-11.0" groups="qcom" />
  <project path="hardware/qcom/media" name="CyanogenMod/android_hardware_qcom_media" remote="cm" revision="cm-11.0" groups="qcom" />
  <project path="hardware/qcom/msm8960" name="platform/hardware/qcom/msm8960" groups="qcom_msm8960" />
  <project path="hardware/qcom/msm8x74" name="platform/hardware/qcom/msm8x74" groups="qcom_msm8x74" />
  <project path="hardware/qcom/power" name="CyanogenMod/android_hardware_qcom_power" remote="cm" revision="cm-11.0" />
  <project path="hardware/qcom/sensors" name="platform/hardware/qcom/sensors" />
  <project path="hardware/qcom/wlan" name="CyanogenMod/android_hardware_qcom_wlan" remote="cm" revision="cm-11.0" />
  <project path="hardware/ril" name="CyanogenMod/android_hardware_ril" remote="cm" revision="cm-11.0" groups="pdk" />
  <project path="libcore" name="AICP/libcore" remote="aicp" revision="kitkat" />
  <project path="libnativehelper" name="platform/libnativehelper" groups="pdk-java" />
  <project path="ndk" name="platform/ndk" />
  <!-- project path="packages/apps/AICP_OTA" name="AICP/packages_apps_AICP_OTA" remote="aicp" revision="kitkat" / -->
  <project path="packages/apps/BasicSmsReceiver" name="platform/packages/apps/BasicSmsReceiver" />
  <project path="packages/apps/Bluetooth" name="CyanogenMod/android_packages_apps_Bluetooth" remote="cm" revision="cm-11.0" />
  <project path="packages/apps/BluetoothExt" name="CyanogenMod/android_packages_apps_BluetoothExt" remote="cm" revision="cm-11.0" />
  <project path="packages/apps/Browser" name="AICP/packages_apps_Browser" remote="aicp" revision="kitkat" />
  <project path="packages/apps/Calculator" name="SlimRoms/packages_apps_Calculator" remote="slim" revision="kk4.4" />
  <project path="packages/apps/Calendar" name="AICP/packages_apps_Calendar" remote="aicp" revision="kitkat" />
  <project path="packages/apps/Camera" name="platform/packages/apps/Camera" groups="notdefault,legacypackages" />
  <project path="packages/apps/Camera2" name="AICP/packages_apps_Camera2" remote="aicp" revision="kitkat" />
  <project path="packages/apps/CellBroadcastReceiver" name="platform/packages/apps/CellBroadcastReceiver" />
  <project path="packages/apps/CertInstaller" name="platform/packages/apps/CertInstaller" />
  <project path="packages/apps/Contacts" name="AICP/packages_apps_Contacts" remote="aicp" revision="kitkat" />
  <project path="packages/apps/ContactsCommon" name="AICP/packages_apps_ContactsCommon" remote="aicp" revision="kitkat" />
  <project path="packages/apps/DeskClock" name="AICP/packages_apps_DeskClock" remote="aicp" revision="kitkat" />
  <project path="packages/apps/Dialer" name="AICP/packages_apps_Dialer" remote="aicp" revision="kitkat" />
  <project path="packages/apps/Email" name="AICP/packages_apps_Email" remote="aicp" revision="kitkat" />
  <project path="packages/apps/EOSWeather" name="AICP/packages_apps_EOSWeather" remote="aicp" revision="kitkat" />
  <project path="packages/apps/Exchange" name="AICP/packages_apps_Exchange" remote="aicp" revision="kitkat" />
  <project path="packages/apps/Gallery" name="platform/packages/apps/Gallery" groups="notdefault,legacypackages" />
  <project path="packages/apps/Gallery2" name="AICP/packages_apps_Gallery2" remote="aicp" revision="kitkat" />
  <project path="packages/apps/HTMLViewer" name="platform/packages/apps/HTMLViewer" />
  <project path="packages/apps/InCallUI" name="AICP/packages_apps_InCallUI" remote="aicp" revision="kitkat" />
  <project path="packages/apps/KernelTweaker" name="AICP/packages_apps_KernelTweaker" remote="aicp" revision="kitkat" />
  <project path="packages/apps/KeyChain" name="platform/packages/apps/KeyChain" />
  <project path="packages/apps/Launcher2" name="platform/packages/apps/Launcher2" groups="notdefault,legacypackages" />
  <project path="packages/apps/Launcher3" name="AOKP/packages_apps_Launcher3" remote="aokp" revision="kitkat" />
  <project path="packages/apps/LegacyCamera" name="platform/packages/apps/LegacyCamera" />
  <project path="packages/apps/Mms" name="AICP/packages_apps_Mms" remote="aicp" revision="kitkat" />
  <project path="packages/apps/Music" name="platform/packages/apps/Music" groups="notdefault,legacypackages" />
  <project path="packages/apps/MusicFX" name="platform/packages/apps/MusicFX" />
  <project path="packages/apps/Nfc" name="AICP/packages_apps_Nfc" remote="aicp" revision="kitkat" />
  <project path="packages/apps/OneTimeInitializer" name="platform/packages/apps/OneTimeInitializer" />
  <project path="packages/apps/PackageInstaller" name="VanirAOSP/packages_apps_PackageInstaller" remote="vanir" revision="kk44" />
  <project path="packages/apps/Phone" name="platform/packages/apps/Phone" groups="notdefault,legacypackages" />
  <project path="packages/apps/PhoneCommon" name="platform/packages/apps/PhoneCommon" />
  <project path="packages/apps/Protips" name="platform/packages/apps/Protips" groups="notdefault,legacypackages" />
  <project path="packages/apps/Provision" name="platform/packages/apps/Provision" />
  <project path="packages/apps/QuickSearchBox" name="platform/packages/apps/QuickSearchBox" groups="notdefault,legacypackages" />
  <project path="packages/apps/ROMControl" name="AICP/packages_apps_ROMControl" remote="aicp" revision="kitkat" />
  <project path="packages/apps/Settings" name="AICP/packages_apps_Settings" remote="aicp" revision="kitkat" />
  <project path="packages/apps/SlimFileManager" name="SlimRoms/packages_apps_SlimFileManager" remote="slim" revision="kk4.4" />
  <project path="packages/apps/SmartCardService" name="CyanogenMod/android_packages_apps_SmartCardService" remote="cm" revision="cm-11.0" />
  <project path="packages/apps/SoundRecorder" name="CyanogenMod/android_packages_apps_SoundRecorder" remote="cm" revision="cm-11.0" />
  <project path="packages/apps/ThemeChooser" name="AICP/packages_apps_ThemeChooser" remote="aicp" revision="kitkat" />
  <project path="packages/apps/SpareParts" name="platform/packages/apps/SpareParts" />
  <project path="packages/apps/SpeechRecorder" name="platform/packages/apps/SpeechRecorder" />
  <project path="packages/apps/Stk" name="platform/packages/apps/Stk" />
  <project path="packages/apps/Tag" name="platform/packages/apps/Tag" />
  <project path="packages/apps/Torch" name="AOKP/packages_apps_Torch" remote="aokp" revision="kitkat" />
  <project path="packages/apps/UnifiedEmail" name="AICP/packages_apps_UnifiedEmail" remote="aicp" revision="kitkat" />
  <project path="packages/apps/VideoEditor" name="platform/packages/apps/VideoEditor" />
  <project path="packages/apps/VoiceDialer" name="platform/packages/apps/VoiceDialer" groups="notdefault,legacypackages"/>
  <project path="packages/experimental" name="platform/packages/experimental" />
  <project path="packages/inputmethods/LatinIME" name="AICP/packages_input_LatinIME" remote="aicp" revision="kitkat" />
  <project path="packages/inputmethods/OpenWnn" name="platform/packages/inputmethods/OpenWnn" />
  <project path="packages/inputmethods/PinyinIME" name="platform/packages/inputmethods/PinyinIME" />
  <project path="packages/providers/ApplicationsProvider" name="platform/packages/providers/ApplicationsProvider" />
  <project path="packages/providers/CalendarProvider" name="platform/packages/providers/CalendarProvider" />
  <project path="packages/providers/ContactsProvider" name="AICP/packages_providers_ContactsProvider" remote="aicp" revision="kitkat" />
  <project path="packages/providers/DownloadProvider" name="AICP/packages_providers_DownloadProvider" remote="aicp" revision="kitkat" />
  <project path="packages/providers/MediaProvider" name="AICP/packages_providers_MediaProvider" remote="aicp" revision="kitkat" />
  <project path="packages/providers/PartnerBookmarksProvider" name="platform/packages/providers/PartnerBookmarksProvider" />
  <project path="packages/providers/ThemesProvider" name="AICP/packages_providers_ThemesProvider" remote="aicp" revision="kitkat" />
  <project path="packages/providers/TelephonyProvider" name="AICP/packages_providers_TelephonyProvider" remote="aicp" revision="kitkat" />
  <project path="packages/providers/UserDictionaryProvider" name="platform/packages/providers/UserDictionaryProvider" />
  <project path="packages/screensavers/Basic" name="platform/packages/screensavers/Basic" />
  <project path="packages/screensavers/PhotoTable" name="platform/packages/screensavers/PhotoTable" />
  <project path="packages/screensavers/WebView" name="platform/packages/screensavers/WebView" />
  <project path="packages/services/Telephony" name="AICP/packages_services_Telephony" remote="aicp" revision="kitkat" />
  <project path="packages/themes/KitKatWhite" name="AOKP/packages_themes_KitKatWhite" remote="aokp" revision="kitkat" />
  <project path="packages/wallpapers/Basic" name="platform/packages/wallpapers/Basic" groups="notdefault" />
  <project path="packages/wallpapers/Galaxy4" name="platform/packages/wallpapers/Galaxy4" groups="notdefault" />
  <project path="packages/wallpapers/HoloSpiral" name="platform/packages/wallpapers/HoloSpiral" groups="notdefault" />
  <project path="packages/wallpapers/LivePicker" name="platform/packages/wallpapers/LivePicker" />
  <project path="packages/wallpapers/MagicSmoke" name="platform/packages/wallpapers/MagicSmoke" groups="notdefault" />
  <project path="packages/wallpapers/MusicVisualization" name="platform/packages/wallpapers/MusicVisualization" groups="notdefault" />
  <project path="packages/wallpapers/NoiseField" name="platform/packages/wallpapers/NoiseField" groups="notdefault" />
  <project path="packages/wallpapers/PhaseBeam" name="omnirom/android_packages_wallpapers_PhaseBeam" remote="omni" revision="android-4.4" />
  <project path="packages/wallpapers/PhotoPhase" name="CyanogenMod/android_packages_wallpapers_PhotoPhase" remote="cm" revision="cm-11.0" />
  <project path="pdk" name="platform/pdk" groups="pdk" />
  <project path="prebuilts/clang/linux-x86/3.1" name="platform/prebuilts/clang/linux-x86/3.1" groups="linux" />
  <project path="prebuilts/clang/linux-x86/3.2" name="platform/prebuilts/clang/linux-x86/3.2" groups="linux" />
  <project path="prebuilts/clang/linux-x86/arm/3.3" name="platform/prebuilts/clang/linux-x86/arm/3.3" groups="linux,arm" />
  <project path="prebuilts/clang/linux-x86/host/3.3" name="platform/prebuilts/clang/linux-x86/host/3.3" groups="linux" />
  <project path="prebuilts/clang/linux-x86/mips/3.3" name="platform/prebuilts/clang/linux-x86/mips/3.3" groups="linux,mips,notdefault" />
  <project path="prebuilts/clang/linux-x86/x86/3.3" name="platform/prebuilts/clang/linux-x86/x86/3.3" groups="linux,x86,notdefault" />
  <project path="prebuilts/devtools" name="platform/prebuilts/devtools" />
  <project path="prebuilts/eclipse" name="platform/prebuilts/eclipse"  />
  <project path="prebuilts/gcc/linux-x86/arm/arm-eabi-4.4.3" name="AOKP/prebuilts_gcc_linux-x86_arm_arm-eabi-4.4.3" remote="aokp" revision="kitkat" groups="linux,arm" />
  <project path="prebuilts/gcc/linux-x86/arm/arm-eabi-4.6" name="platform/prebuilts/gcc/linux-x86/arm/arm-eabi-4.6" groups="linux,arm" />
  <project path="prebuilts/gcc/linux-x86/arm/arm-eabi-4.7" name="platform/prebuilts/gcc/linux-x86/arm/arm-eabi-4.7" groups="pdk,linux,arm" />
  <!-- project path="prebuilts/gcc/linux-x86/arm/arm-eabi-4.8" name="platform/prebuilts/gcc/linux-x86/arm/arm-eabi-4.8" revision="refs/heads/master" groups="pdk,linux,arm,notdefault" / -->
  <project path="prebuilts/gcc/linux-x86/arm/arm-linux-androideabi-4.6" name="platform/prebuilts/gcc/linux-x86/arm/arm-linux-androideabi-4.6" groups="linux,arm" />
  <project path="prebuilts/gcc/linux-x86/arm/arm-linux-androideabi-4.7" name="platform/prebuilts/gcc/linux-x86/arm/arm-linux-androideabi-4.7" groups="pdk,linux,arm" />
  <!-- project path="prebuilts/gcc/linux-x86/arm/arm-linux-androideabi-4.8" name="platform/prebuilts/gcc/linux-x86/arm/arm-linux-androideabi-4.8" revision="refs/heads/master" groups="pdk,linux,arm,notdefault" / -->
  <project path="prebuilts/gcc/linux-x86/host/i686-linux-glibc2.7-4.4.3" name="platform/prebuilts/gcc/linux-x86/host/i686-linux-glibc2.7-4.4.3" groups="linux" />
  <project path="prebuilts/gcc/linux-x86/host/i686-linux-glibc2.7-4.6" name="platform/prebuilts/gcc/linux-x86/host/i686-linux-glibc2.7-4.6" groups="linux" />
  <project path="prebuilts/gcc/linux-x86/host/x86_64-linux-glibc2.7-4.6" name="platform/prebuilts/gcc/linux-x86/host/x86_64-linux-glibc2.7-4.6" groups="linux" />
  <project path="prebuilts/gcc/linux-x86/mips/mipsel-linux-android-4.6" name="platform/prebuilts/gcc/linux-x86/mips/mipsel-linux-android-4.6" groups="linux,mips,notdefault" />
  <project path="prebuilts/gcc/linux-x86/mips/mipsel-linux-android-4.7" name="platform/prebuilts/gcc/linux-x86/mips/mipsel-linux-android-4.7" groups="pdk,linux,mips,notdefault" />
  <project path="prebuilts/gcc/linux-x86/x86/i686-linux-android-4.6" name="platform/prebuilts/gcc/linux-x86/x86/i686-linux-android-4.6" groups="linux,x86,notdefault" />
  <project path="prebuilts/gcc/linux-x86/x86/i686-linux-android-4.7" name="platform/prebuilts/gcc/linux-x86/x86/i686-linux-android-4.7" groups="pdk,linux,x86,notdefault" />
  <project path="prebuilts/gcc/linux-x86/x86/x86_64-linux-android-4.7" name="platform/prebuilts/gcc/linux-x86/x86/x86_64-linux-android-4.7" groups="pdk,linux,x86,notdefault" />
  <project path="prebuilts/gradle-plugin" name="platform/prebuilts/gradle-plugin" />
  <project path="prebuilts/maven_repo/android" name="platform/prebuilts/maven_repo/android" />
  <project path="prebuilts/misc" name="AOKP/prebuilts_misc" remote="aokp" revision="kitkat" groups="pdk" />
  <project path="prebuilts/ndk" name="platform/prebuilts/ndk" groups="pdk" />
  <project path="prebuilts/python/linux-x86/2.7.5" name="platform/prebuilts/python/linux-x86/2.7.5" groups="linux" />
  <project path="prebuilts/qemu-kernel" name="platform/prebuilts/qemu-kernel" groups="pdk" />
  <project path="prebuilts/sdk" name="platform/prebuilts/sdk" groups="pdk" />
  <project path="prebuilts/runtime" name="platform/prebuilts/runtime" />
  <project path="prebuilts/tools" name="platform/prebuilts/tools" groups="pdk,tools" />
  <project path="sdk" name="platform/sdk" />
  <project path="system/core" name="AICP/system_core" remote="aicp" revision="kitkat" groups="pdk" />
  <project path="system/extras" name="AOKP/system_extras" remote="aokp" revision="kitkat" groups="pdk" />
  <project path="system/media" name="AICP/system_media" remote="aicp" revision="kitkat" groups="pdk" />
  <project path="system/netd" name="CyanogenMod/android_system_netd" remote="cm" revision="cm-11.0" groups="pdk" />
  <project path="system/qcom" name="AOKP/system_qcom" remote="aokp" revision="kitkat" groups="pdk" />
  <project path="system/security" name="platform/system/security" groups="pdk" />
  <project path="system/vold" name="AICP/system_vold" remote="aicp" revision="kitkat" groups="pdk" />
  <project path="tools/adt/eclipse" name="platform/tools/adt/eclipse" groups="notdefault,tools" />
  <project path="tools/adt/idea" name="platform/tools/adt/idea" groups="notdefault,tools" />
  <project path="tools/base" name="platform/tools/base" groups="notdefault,tools" />
  <project path="tools/build" name="platform/tools/build" groups="notdefault,tools" />
  <project path="tools/emulator" name="platform/tools/emulator" groups="notdefault,tools" />
  <project path="tools/external/fat32lib" name="platform/tools/external/fat32lib" groups="tools" />
  <project path="tools/external/gradle" name="platform/tools/external/gradle" groups="tools" />
  <project path="tools/idea" name="platform/tools/idea" groups="notdefault,tools" />
  <project path="tools/motodev" name="platform/tools/motodev" groups="notdefault,motodev" />
  <project path="tools/studio/cloud" name="platform/tools/studio/cloud" groups="notdefault,tools" />
  <project path="tools/swt" name="platform/tools/swt" groups="notdefault,tools" />

  <project path="vendor/aicp" name="AICP/vendor_aicp" remote="aicp" revision="kitkat" />
  <project path="vendor/aicp/bot" name="AOKP/pseudo_buildbot" remote="aokp" revision="kitkat" />

  <project path="packages/apps/MonthCalendarWidget" name="omnirom/android_packages_apps_MonthCalendarWidget" remote="omni" revision="android-4.4" />

  <project path="platform_manifest" name="AICP/platform_manifest" remote="aicp" revision="kitkat" />

  <!-- OMNISWITCH-->
  <project path="packages/apps/OmniSwitch" name="AICP/packages_apps_OmniSwitch" remote="aicp" revision="kitkat" />

  <!-- Slim's recents card lib -->
  <project path="frameworks/opt/cards" name="SlimRoms/frameworks_opt_cards" remote="slim" revision="kk4.4" />

  <!-- Google play services -->
  <project path="external/google/google_play_services" name="SlimRoms/android_external_google_google_play_services" remote="slim" revision="kk4.4" />

  <!-- DashClock widget -->
  <project path="packages/apps/DashClock" name="SlimRoms/packages_apps_DashClock" remote="slim" revision="kk4.4" />

  <!-- Apollo -->
  <project path="packages/apps/Apollo" name="CyanogenMod/android_packages_apps_Apollo" remote="cm" revision="cm-11.0" />
  
  <!-- HUAWEI Device Folders, Kernel & Proprietary BLOBS -->
  <project path="vendor/huawei" name="SlimKat-Y300/proprietary_vendor_huawei" remote="slim" revision="slimkat"/>
  <project path="kernel/huawei/huawei-kernel-3.4" name="SlimLP-Y300/chil360-kernel" remote="slim" revision="lp5.1"/>
  <project path="device/huawei/msm7x27a-common" name="SlimKat-Y300/android_device_huawei_msm7x27a-common" remote="slim" revision="slimkat"/>
  <project path="device/huawei/u8833" name="SlimKat-Y300/android_device_huawei_u8833" remote="slim" revision="slimkat"/>
  <project path="device/huawei/u8951" name="SlimKat-Y300/android_device_huawei_u8951" remote="slim" revision="slimkat"/>
  <project path="device/huawei/u8825" name="SlimKat-Y300/android_device_huawei_u8825" remote="slim" revision="slimkat"/>

  <!-- WIFI -->
  <project path="hardware/atheros/wifi/ath6kl-huawei" name="Dazzozo/android_hardware_atheros_wifi_ath6kl-huawei" remote="slim" revision="master" />
  <project path="hardware/atheros/wlan" name="legaCyMod/android_hardware_atheros_wlan" remote="slim" revision="cm-11.0" />

  <!-- QCOM Hardware -->
  <project path="hardware/qcom/audio-caf" name="SlimRoms/hardware_qcom_audio-caf" remote="slim" revision="kk4.4" />  
  <project path="hardware/qcom/display-caf" name="SlimKat-Y300/hardware_qcom_display-caf" remote="slim" revision="kk4.4" />  
  <project path="hardware/qcom/media-caf" name="SlimRoms/hardware_qcom_media-caf" remote="slim" revision="kk4.4" />

  <!-- UBERTC toolchains -->
  <project path="prebuilts/gcc/linux-x86/arm/arm-eabi-4.8" name="UBERTC/arm-eabi-4.9" remote="bb" revision="master" />
  <project path="prebuilts/gcc/linux-x86/arm/arm-linux-androideabi-4.8" name="UBERTC/arm-linux-androideabi-4.8" remote="bb" revision="master" />

</manifest>
